year,accuracy,f1_score,auc
079,0.6434,0.6434,0.6428237220782775
080,0.6820,0.6744,0.6373717946395812
