year,accuracy,f1_score,auc
079,0.6454,0.6454,0.7087652605264778
080,0.6786,0.6707,0.7071870899289777
079,0.5753,0.5848,0.6206263484025587
079,0.5753,0.5848,0.6206263484025587
080,0.6855,0.6972,0.6227847484779307
